start,end,peptide,probability,label
1,15,MMLRGVHRIFKCFYD,0.81367195,MS inducer
2,16,MLRGVHRIFKCFYDV,0.52709955,MS non-inducer
3,17,LRGVHRIFKCFYDVV,0.8409878,MS inducer
4,18,RGVHRIFKCFYDVVL,0.8434605,MS inducer
5,19,GVHRIFKCFYDVVLV,0.8317373,MS inducer
6,20,VHRIFKCFYDVVLVC,0.82169116,MS inducer
7,21,HRIFKCFYDVVLVCA,0.69322604,MS non-inducer
8,22,RIFKCFYDVVLVCAF,0.7170768,MS non-inducer
9,23,IFKCFYDVVLVCAFV,0.8311244,MS inducer
10,24,FKCFYDVVLVCAFVI,0.8514673,MS inducer
11,25,KCFYDVVLVCAFVIA,0.45390248,MS non-inducer
12,26,CFYDVVLVCAFVIAL,0.54848146,MS non-inducer
13,27,FYDVVLVCAFVIALP,0.54564005,MS non-inducer
14,28,YDVVLVCAFVIALPK,0.54871136,MS non-inducer
15,29,DVVLVCAFVIALPKL,0.49191242,MS non-inducer
16,30,VVLVCAFVIALPKLL,0.47687972,MS non-inducer
17,31,VLVCAFVIALPKLLY,0.48307377,MS non-inducer
18,32,LVCAFVIALPKLLYK,0.41015235,MS non-inducer
19,33,VCAFVIALPKLLYKM,0.36098957,MS non-inducer
20,34,CAFVIALPKLLYKML,0.41939446,MS non-inducer
21,35,AFVIALPKLLYKMLV,0.398051,MS non-inducer
22,36,FVIALPKLLYKMLVY,0.40567344,MS non-inducer
23,37,VIALPKLLYKMLVYG,0.39185128,MS non-inducer
24,38,IALPKLLYKMLVYGK,0.39969993,MS non-inducer
25,39,ALPKLLYKMLVYGKY,0.39969993,MS non-inducer
26,40,LPKLLYKMLVYGKYK,0.36432153,MS non-inducer
27,41,PKLLYKMLVYGKYKK,0.5782394,MS non-inducer
28,42,KLLYKMLVYGKYKKS,0.5651895,MS non-inducer
29,43,LLYKMLVYGKYKKSL,0.3889408,MS non-inducer
30,44,LYKMLVYGKYKKSLA,0.3804598,MS non-inducer
31,45,YKMLVYGKYKKSLAV,0.3182675,MS non-inducer
32,46,KMLVYGKYKKSLAVR,0.27266043,MS non-inducer
33,47,MLVYGKYKKSLAVRF,0.39326137,MS non-inducer
34,48,LVYGKYKKSLAVRFG,0.41668957,MS non-inducer
35,49,VYGKYKKSLAVRFGL,0.37996456,MS non-inducer
36,50,YGKYKKSLAVRFGLK,0.38877136,MS non-inducer
37,51,GKYKKSLAVRFGLKK,0.36036354,MS non-inducer
38,52,KYKKSLAVRFGLKKP,0.3355904,MS non-inducer
39,53,YKKSLAVRFGLKKPH,0.28051162,MS non-inducer
40,54,KKSLAVRFGLKKPHV,0.2740934,MS non-inducer
41,55,KSLAVRFGLKKPHVP,0.15011759,MS non-inducer
42,56,SLAVRFGLKKPHVPG,0.15082979,MS non-inducer
43,57,LAVRFGLKKPHVPGE,0.15103944,MS non-inducer
44,58,AVRFGLKKPHVPGEG,0.17765047,MS non-inducer
45,59,VRFGLKKPHVPGEGP,0.2449271,MS non-inducer
46,60,RFGLKKPHVPGEGPL,0.22420825,MS non-inducer
47,61,FGLKKPHVPGEGPLV,0.07287424,MS non-inducer
48,62,GLKKPHVPGEGPLVW,0.0781172,MS non-inducer
49,63,LKKPHVPGEGPLVWF,0.073515065,MS non-inducer
50,64,KKPHVPGEGPLVWFH,0.08483888,MS non-inducer
51,65,KPHVPGEGPLVWFHG,0.13828526,MS non-inducer
52,66,PHVPGEGPLVWFHGA,0.13118032,MS non-inducer
53,67,HVPGEGPLVWFHGAS,0.33646664,MS non-inducer
54,68,VPGEGPLVWFHGASV,0.31034377,MS non-inducer
55,69,PGEGPLVWFHGASVG,0.38147286,MS non-inducer
56,70,GEGPLVWFHGASVGE,0.46111602,MS non-inducer
57,71,EGPLVWFHGASVGEV,0.45063144,MS non-inducer
58,72,GPLVWFHGASVGEVR,0.32726574,MS non-inducer
59,73,PLVWFHGASVGEVRL,0.52387667,MS non-inducer
60,74,LVWFHGASVGEVRLL,0.56628984,MS non-inducer
61,75,VWFHGASVGEVRLLL,0.4272058,MS non-inducer
62,76,WFHGASVGEVRLLLP,0.4272058,MS non-inducer
63,77,FHGASVGEVRLLLPV,0.45651194,MS non-inducer
64,78,HGASVGEVRLLLPVL,0.3757857,MS non-inducer
65,79,GASVGEVRLLLPVLE,0.44214004,MS non-inducer
66,80,ASVGEVRLLLPVLEK,0.34926963,MS non-inducer
67,81,SVGEVRLLLPVLEKF,0.41899884,MS non-inducer
68,82,VGEVRLLLPVLEKFC,0.31655157,MS non-inducer
69,83,GEVRLLLPVLEKFCE,0.2801472,MS non-inducer
70,84,EVRLLLPVLEKFCEE,0.38883096,MS non-inducer
71,85,VRLLLPVLEKFCEEF,0.29432887,MS non-inducer
72,86,RLLLPVLEKFCEEFP,0.3128344,MS non-inducer
73,87,LLLPVLEKFCEEFPG,0.12985262,MS non-inducer
74,88,LLPVLEKFCEEFPGW,0.16049978,MS non-inducer
75,89,LPVLEKFCEEFPGWR,0.24139807,MS non-inducer
76,90,PVLEKFCEEFPGWRC,0.3219555,MS non-inducer
77,91,VLEKFCEEFPGWRCL,0.31525296,MS non-inducer
78,92,LEKFCEEFPGWRCLV,0.30262515,MS non-inducer
79,93,EKFCEEFPGWRCLVT,0.34802666,MS non-inducer
80,94,KFCEEFPGWRCLVTS,0.26524663,MS non-inducer
81,95,FCEEFPGWRCLVTSC,0.3499406,MS non-inducer
82,96,CEEFPGWRCLVTSCT,0.47799763,MS non-inducer
83,97,EEFPGWRCLVTSCTE,0.44442523,MS non-inducer
84,98,EFPGWRCLVTSCTEL,0.3952078,MS non-inducer
85,99,FPGWRCLVTSCTELG,0.3952078,MS non-inducer
86,100,PGWRCLVTSCTELGV,0.5445823,MS non-inducer
87,101,GWRCLVTSCTELGVQ,0.55217856,MS non-inducer
88,102,WRCLVTSCTELGVQV,0.54857534,MS non-inducer
89,103,RCLVTSCTELGVQVA,0.42554942,MS non-inducer
90,104,CLVTSCTELGVQVAS,0.5833329,MS non-inducer
91,105,LVTSCTELGVQVASQ,0.4559606,MS non-inducer
92,106,VTSCTELGVQVASQV,0.4592133,MS non-inducer
93,107,TSCTELGVQVASQVF,0.2763321,MS non-inducer
94,108,SCTELGVQVASQVFI,0.4467517,MS non-inducer
95,109,CTELGVQVASQVFIP,0.43520308,MS non-inducer
96,110,TELGVQVASQVFIPM,0.2703091,MS non-inducer
97,111,ELGVQVASQVFIPMG,0.23850542,MS non-inducer
98,112,LGVQVASQVFIPMGA,0.21462764,MS non-inducer
99,113,GVQVASQVFIPMGAT,0.18520118,MS non-inducer
100,114,VQVASQVFIPMGATV,0.27432367,MS non-inducer
101,115,QVASQVFIPMGATVS,0.31751093,MS non-inducer
102,116,VASQVFIPMGATVSI,0.53223073,MS non-inducer
103,117,ASQVFIPMGATVSIL,0.47880062,MS non-inducer
104,118,SQVFIPMGATVSILP,0.4693293,MS non-inducer
105,119,QVFIPMGATVSILPL,0.60461617,MS non-inducer
106,120,VFIPMGATVSILPLD,0.47098193,MS non-inducer
107,121,FIPMGATVSILPLDF,0.17940345,MS non-inducer
108,122,IPMGATVSILPLDFS,0.21521114,MS non-inducer
109,123,PMGATVSILPLDFSI,0.29074878,MS non-inducer
110,124,MGATVSILPLDFSII,0.4932282,MS non-inducer
111,125,GATVSILPLDFSIII,0.47858462,MS non-inducer
112,126,ATVSILPLDFSIIIK,0.44673055,MS non-inducer
113,127,TVSILPLDFSIIIKS,0.2556225,MS non-inducer
114,128,VSILPLDFSIIIKSV,0.17236972,MS non-inducer
115,129,SILPLDFSIIIKSVV,0.49181068,MS non-inducer
116,130,ILPLDFSIIIKSVVA,0.3499406,MS non-inducer
117,131,LPLDFSIIIKSVVAK,0.46722582,MS non-inducer
118,132,PLDFSIIIKSVVAKL,0.48204264,MS non-inducer
119,133,LDFSIIIKSVVAKLR,0.45639968,MS non-inducer
120,134,DFSIIIKSVVAKLRP,0.49162492,MS non-inducer
121,135,FSIIIKSVVAKLRPS,0.50599474,MS non-inducer
122,136,SIIIKSVVAKLRPSL,0.35369933,MS non-inducer
123,137,IIIKSVVAKLRPSLV,0.35922742,MS non-inducer
124,138,IIKSVVAKLRPSLVV,0.37232456,MS non-inducer
125,139,IKSVVAKLRPSLVVF,0.35142064,MS non-inducer
126,140,KSVVAKLRPSLVVFS,0.34915966,MS non-inducer
127,141,SVVAKLRPSLVVFSE,0.32497138,MS non-inducer
128,142,VVAKLRPSLVVFSEG,0.32484454,MS non-inducer
129,143,VAKLRPSLVVFSEGD,0.31812537,MS non-inducer
130,144,AKLRPSLVVFSEGDC,0.43103042,MS non-inducer
131,145,KLRPSLVVFSEGDCW,0.41893953,MS non-inducer
132,146,LRPSLVVFSEGDCWL,0.5239191,MS non-inducer
133,147,RPSLVVFSEGDCWLN,0.5832167,MS non-inducer
134,148,PSLVVFSEGDCWLNF,0.43951887,MS non-inducer
135,149,SLVVFSEGDCWLNFI,0.2171644,MS non-inducer
136,150,LVVFSEGDCWLNFIE,0.469876,MS non-inducer
137,151,VVFSEGDCWLNFIEE,0.40542984,MS non-inducer
138,152,VFSEGDCWLNFIEEA,0.51687163,MS non-inducer
139,153,FSEGDCWLNFIEEAK,0.43926185,MS non-inducer
140,154,SEGDCWLNFIEEAKR,0.4636743,MS non-inducer
141,155,EGDCWLNFIEEAKRI,0.35516718,MS non-inducer
142,156,GDCWLNFIEEAKRIG,0.40921804,MS non-inducer
143,157,DCWLNFIEEAKRIGA,0.3508313,MS non-inducer
144,158,CWLNFIEEAKRIGAT,0.37563407,MS non-inducer
145,159,WLNFIEEAKRIGATT,0.44170767,MS non-inducer
146,160,LNFIEEAKRIGATTL,0.40847105,MS non-inducer
147,161,NFIEEAKRIGATTLV,0.45529518,MS non-inducer
148,162,FIEEAKRIGATTLVI,0.3288645,MS non-inducer
149,163,IEEAKRIGATTLVIN,0.30567127,MS non-inducer
150,164,EEAKRIGATTLVING,0.39131972,MS non-inducer
151,165,EAKRIGATTLVINGR,0.42273453,MS non-inducer
152,166,AKRIGATTLVINGRI,0.3384743,MS non-inducer
153,167,KRIGATTLVINGRIS,0.34034184,MS non-inducer
154,168,RIGATTLVINGRISI,0.3466353,MS non-inducer
155,169,IGATTLVINGRISID,0.52937496,MS non-inducer
156,170,GATTLVINGRISIDS,0.32583085,MS non-inducer
157,171,ATTLVINGRISIDSS,0.4342747,MS non-inducer
158,172,TTLVINGRISIDSSK,0.50998104,MS non-inducer
159,173,TLVINGRISIDSSKR,0.4078396,MS non-inducer
160,174,LVINGRISIDSSKRF,0.4216165,MS non-inducer
161,175,VINGRISIDSSKRFK,0.7711272,MS inducer
162,176,INGRISIDSSKRFKF,0.79017794,MS inducer
163,177,NGRISIDSSKRFKFL,0.7960864,MS inducer
164,178,GRISIDSSKRFKFLK,0.8452652,MS inducer
165,179,RISIDSSKRFKFLKR,0.7341694,MS non-inducer
166,180,ISIDSSKRFKFLKRL,0.7164806,MS non-inducer
167,181,SIDSSKRFKFLKRLG,0.49470466,MS non-inducer
168,182,IDSSKRFKFLKRLGK,0.5216338,MS non-inducer
169,183,DSSKRFKFLKRLGKN,0.75972146,MS inducer
170,184,SSKRFKFLKRLGKNY,0.721878,MS non-inducer
171,185,SKRFKFLKRLGKNYF,0.7377055,MS non-inducer
172,186,KRFKFLKRLGKNYFS,0.76367974,MS inducer
173,187,RFKFLKRLGKNYFSP,0.7253172,MS non-inducer
174,188,FKFLKRLGKNYFSPV,0.76597416,MS inducer
175,189,KFLKRLGKNYFSPVD,0.65313375,MS non-inducer
176,190,FLKRLGKNYFSPVDG,0.5276091,MS non-inducer
177,191,LKRLGKNYFSPVDGF,0.3413825,MS non-inducer
178,192,KRLGKNYFSPVDGFL,0.5073184,MS non-inducer
179,193,RLGKNYFSPVDGFLL,0.48288658,MS non-inducer
180,194,LGKNYFSPVDGFLLQ,0.3998277,MS non-inducer
181,195,GKNYFSPVDGFLLQD,0.4394546,MS non-inducer
182,196,KNYFSPVDGFLLQDE,0.79495865,MS inducer
183,197,NYFSPVDGFLLQDEV,0.35925466,MS non-inducer
184,198,YFSPVDGFLLQDEVQ,0.38744825,MS non-inducer
185,199,FSPVDGFLLQDEVQK,0.46022573,MS non-inducer
186,200,SPVDGFLLQDEVQKQ,0.35908157,MS non-inducer
187,201,PVDGFLLQDEVQKQR,0.42830548,MS non-inducer
188,202,VDGFLLQDEVQKQRF,0.63135785,MS non-inducer
189,203,DGFLLQDEVQKQRFL,0.6807897,MS non-inducer
190,204,GFLLQDEVQKQRFLS,0.53275865,MS non-inducer
191,205,FLLQDEVQKQRFLSL,0.40541622,MS non-inducer
192,206,LLQDEVQKQRFLSLG,0.46388188,MS non-inducer
193,207,LQDEVQKQRFLSLGI,0.28826648,MS non-inducer
194,208,QDEVQKQRFLSLGIP,0.33677843,MS non-inducer
195,209,DEVQKQRFLSLGIPE,0.33964434,MS non-inducer
196,210,EVQKQRFLSLGIPEH,0.4026825,MS non-inducer
197,211,VQKQRFLSLGIPEHK,0.49066666,MS non-inducer
198,212,QKQRFLSLGIPEHKL,0.3333752,MS non-inducer
199,213,KQRFLSLGIPEHKLQ,0.46737254,MS non-inducer
200,214,QRFLSLGIPEHKLQV,0.49500966,MS non-inducer
201,215,RFLSLGIPEHKLQVT,0.469876,MS non-inducer
202,216,FLSLGIPEHKLQVTG,0.32970157,MS non-inducer
203,217,LSLGIPEHKLQVTGN,0.08937113,MS non-inducer
204,218,SLGIPEHKLQVTGNI,0.055265658,MS non-inducer
205,219,LGIPEHKLQVTGNIK,0.07586863,MS non-inducer
206,220,GIPEHKLQVTGNIKT,0.07481343,MS non-inducer
207,221,IPEHKLQVTGNIKTY,0.04483327,MS non-inducer
208,222,PEHKLQVTGNIKTYV,0.07306698,MS non-inducer
209,223,EHKLQVTGNIKTYVA,0.1295597,MS non-inducer
210,224,HKLQVTGNIKTYVAA,0.25883064,MS non-inducer
211,225,KLQVTGNIKTYVAAQ,0.28855845,MS non-inducer
212,226,LQVTGNIKTYVAAQT,0.37731642,MS non-inducer
213,227,QVTGNIKTYVAAQTA,0.350879,MS non-inducer
214,228,VTGNIKTYVAAQTAL,0.38850537,MS non-inducer
215,229,TGNIKTYVAAQTALH,0.334364,MS non-inducer
216,230,GNIKTYVAAQTALHL,0.3548567,MS non-inducer
217,231,NIKTYVAAQTALHLE,0.44682792,MS non-inducer
218,232,IKTYVAAQTALHLER,0.47706783,MS non-inducer
219,233,KTYVAAQTALHLERE,0.5011649,MS non-inducer
220,234,TYVAAQTALHLERET,0.31732312,MS non-inducer
221,235,YVAAQTALHLERETW,0.3557103,MS non-inducer
222,236,VAAQTALHLERETWR,0.44912574,MS non-inducer
223,237,AAQTALHLERETWRD,0.4123228,MS non-inducer
224,238,AQTALHLERETWRDR,0.42978567,MS non-inducer
225,239,QTALHLERETWRDRL,0.4946805,MS non-inducer
226,240,TALHLERETWRDRLR,0.49871466,MS non-inducer
227,241,ALHLERETWRDRLRL,0.50145084,MS non-inducer
228,242,LHLERETWRDRLRLP,0.49125847,MS non-inducer
229,243,HLERETWRDRLRLPT,0.4404882,MS non-inducer
230,244,LERETWRDRLRLPTD,0.5202625,MS non-inducer
231,245,ERETWRDRLRLPTDS,0.38396692,MS non-inducer
232,246,RETWRDRLRLPTDSK,0.5063936,MS non-inducer
233,247,ETWRDRLRLPTDSKL,0.47012913,MS non-inducer
234,248,TWRDRLRLPTDSKLV,0.115431085,MS non-inducer
235,249,WRDRLRLPTDSKLVI,0.40705386,MS non-inducer
236,250,RDRLRLPTDSKLVIL,0.094644636,MS non-inducer
237,251,DRLRLPTDSKLVILG,0.074332744,MS non-inducer
238,252,RLRLPTDSKLVILGS,0.098097526,MS non-inducer
239,253,LRLPTDSKLVILGSM,0.05569251,MS non-inducer
240,254,RLPTDSKLVILGSMH,0.065409146,MS non-inducer
241,255,LPTDSKLVILGSMHR,0.13822813,MS non-inducer
242,256,PTDSKLVILGSMHRS,0.1198001,MS non-inducer
243,257,TDSKLVILGSMHRSD,0.23031281,MS non-inducer
244,258,DSKLVILGSMHRSDA,0.35154736,MS non-inducer
245,259,SKLVILGSMHRSDAG,0.3506992,MS non-inducer
246,260,KLVILGSMHRSDAGK,0.33367923,MS non-inducer
247,261,LVILGSMHRSDAGKW,0.36540356,MS non-inducer
248,262,VILGSMHRSDAGKWL,0.3430764,MS non-inducer
249,263,ILGSMHRSDAGKWLP,0.3854062,MS non-inducer
250,264,LGSMHRSDAGKWLPV,0.34192637,MS non-inducer
251,265,GSMHRSDAGKWLPVV,0.33312982,MS non-inducer
252,266,SMHRSDAGKWLPVVQ,0.29571527,MS non-inducer
253,267,MHRSDAGKWLPVVQK,0.29229218,MS non-inducer
254,268,HRSDAGKWLPVVQKL,0.32506743,MS non-inducer
255,269,RSDAGKWLPVVQKLI,0.33068833,MS non-inducer
256,270,SDAGKWLPVVQKLIK,0.5039998,MS non-inducer
257,271,DAGKWLPVVQKLIKE,0.39843592,MS non-inducer
258,272,AGKWLPVVQKLIKEG,0.43280494,MS non-inducer
259,273,GKWLPVVQKLIKEGV,0.43420708,MS non-inducer
260,274,KWLPVVQKLIKEGVS,0.37058526,MS non-inducer
261,275,WLPVVQKLIKEGVSV,0.38879395,MS non-inducer
262,276,LPVVQKLIKEGVSVL,0.33429763,MS non-inducer
263,277,PVVQKLIKEGVSVLW,0.34655553,MS non-inducer
264,278,VVQKLIKEGVSVLWV,0.33693486,MS non-inducer
265,279,VQKLIKEGVSVLWVP,0.07481343,MS non-inducer
266,280,QKLIKEGVSVLWVPR,0.3193075,MS non-inducer
267,281,KLIKEGVSVLWVPRH,0.32665107,MS non-inducer
268,282,LIKEGVSVLWVPRHV,0.43179724,MS non-inducer
269,283,IKEGVSVLWVPRHVE,0.43479267,MS non-inducer
270,284,KEGVSVLWVPRHVEK,0.319777,MS non-inducer
271,285,EGVSVLWVPRHVEKT,0.30624506,MS non-inducer
272,286,GVSVLWVPRHVEKTK,0.3431711,MS non-inducer
273,287,VSVLWVPRHVEKTKD,0.35673204,MS non-inducer
274,288,SVLWVPRHVEKTKDV,0.3939041,MS non-inducer
275,289,VLWVPRHVEKTKDVE,0.35236198,MS non-inducer
276,290,LWVPRHVEKTKDVEE,0.38496447,MS non-inducer
277,291,WVPRHVEKTKDVEES,0.38329902,MS non-inducer
278,292,VPRHVEKTKDVEESL,0.23461802,MS non-inducer
279,293,PRHVEKTKDVEESLH,0.11376852,MS non-inducer
280,294,RHVEKTKDVEESLHR,0.102052525,MS non-inducer
281,295,HVEKTKDVEESLHRL,0.08627999,MS non-inducer
282,296,VEKTKDVEESLHRLH,0.0924696,MS non-inducer
283,297,EKTKDVEESLHRLHI,0.05024304,MS non-inducer
284,298,KTKDVEESLHRLHIP,0.030440794,MS non-inducer
285,299,TKDVEESLHRLHIPY,0.1047285,MS non-inducer
286,300,KDVEESLHRLHIPYG,0.27587676,MS non-inducer
287,301,DVEESLHRLHIPYGL,0.2262421,MS non-inducer
288,302,VEESLHRLHIPYGLW,0.14819703,MS non-inducer
289,303,EESLHRLHIPYGLWS,0.284883,MS non-inducer
290,304,ESLHRLHIPYGLWSR,0.46822757,MS non-inducer
291,305,SLHRLHIPYGLWSRG,0.4490297,MS non-inducer
292,306,LHRLHIPYGLWSRGA,0.45935154,MS non-inducer
293,307,HRLHIPYGLWSRGAN,0.5983342,MS non-inducer
294,308,RLHIPYGLWSRGANF,0.53106284,MS non-inducer
295,309,LHIPYGLWSRGANFS,0.4425327,MS non-inducer
296,310,HIPYGLWSRGANFSY,0.49609962,MS non-inducer
297,311,IPYGLWSRGANFSYV,0.6948612,MS non-inducer
298,312,PYGLWSRGANFSYVP,0.529304,MS non-inducer
299,313,YGLWSRGANFSYVPV,0.5289506,MS non-inducer
300,314,GLWSRGANFSYVPVV,0.48805106,MS non-inducer
301,315,LWSRGANFSYVPVVV,0.69695735,MS non-inducer
302,316,WSRGANFSYVPVVVV,0.66244996,MS non-inducer
303,317,SRGANFSYVPVVVVD,0.7247598,MS non-inducer
304,318,RGANFSYVPVVVVDE,0.70354354,MS non-inducer
305,319,GANFSYVPVVVVDEI,0.523574,MS non-inducer
306,320,ANFSYVPVVVVDEIG,0.58377063,MS non-inducer
307,321,NFSYVPVVVVDEIGL,0.5315454,MS non-inducer
308,322,FSYVPVVVVDEIGLL,0.65961576,MS non-inducer
309,323,SYVPVVVVDEIGLLK,0.48951608,MS non-inducer
310,324,YVPVVVVDEIGLLKQ,0.49784243,MS non-inducer
311,325,VPVVVVDEIGLLKQL,0.42106083,MS non-inducer
312,326,PVVVVDEIGLLKQLY,0.40853962,MS non-inducer
313,327,VVVVDEIGLLKQLYV,0.5542448,MS non-inducer
314,328,VVVDEIGLLKQLYVA,0.33964434,MS non-inducer
315,329,VVDEIGLLKQLYVAG,0.4531691,MS non-inducer
316,330,VDEIGLLKQLYVAGD,0.48067272,MS non-inducer
317,331,DEIGLLKQLYVAGDL,0.26284564,MS non-inducer
318,332,EIGLLKQLYVAGDLA,0.056630537,MS non-inducer
319,333,IGLLKQLYVAGDLAF,0.15658006,MS non-inducer
320,334,GLLKQLYVAGDLAFV,0.19910283,MS non-inducer
321,335,LLKQLYVAGDLAFVG,0.22788581,MS non-inducer
322,336,LKQLYVAGDLAFVGG,0.35850847,MS non-inducer
323,337,KQLYVAGDLAFVGGT,0.4732312,MS non-inducer
324,338,QLYVAGDLAFVGGTF,0.4042028,MS non-inducer
325,339,LYVAGDLAFVGGTFD,0.47772214,MS non-inducer
326,340,YVAGDLAFVGGTFDP,0.42183188,MS non-inducer
327,341,VAGDLAFVGGTFDPK,0.44704196,MS non-inducer
328,342,AGDLAFVGGTFDPKI,0.4013179,MS non-inducer
329,343,GDLAFVGGTFDPKIG,0.40143725,MS non-inducer
330,344,DLAFVGGTFDPKIGG,0.44684792,MS non-inducer
331,345,LAFVGGTFDPKIGGH,0.45131052,MS non-inducer
332,346,AFVGGTFDPKIGGHN,0.5106707,MS non-inducer
333,347,FVGGTFDPKIGGHNL,0.4004602,MS non-inducer
334,348,VGGTFDPKIGGHNLL,0.43513972,MS non-inducer
335,349,GGTFDPKIGGHNLLE,0.4931024,MS non-inducer
336,350,GTFDPKIGGHNLLEP,0.3935791,MS non-inducer
337,351,TFDPKIGGHNLLEPL,0.45958886,MS non-inducer
338,352,FDPKIGGHNLLEPLQ,0.42182392,MS non-inducer
339,353,DPKIGGHNLLEPLQC,0.07513464,MS non-inducer
340,354,PKIGGHNLLEPLQCE,0.11637934,MS non-inducer
341,355,KIGGHNLLEPLQCEV,0.18205309,MS non-inducer
342,356,IGGHNLLEPLQCEVP,0.08937113,MS non-inducer
343,357,GGHNLLEPLQCEVPL,0.089215346,MS non-inducer
344,358,GHNLLEPLQCEVPLI,0.08450594,MS non-inducer
345,359,HNLLEPLQCEVPLIF,0.07566283,MS non-inducer
346,360,NLLEPLQCEVPLIFG,0.07389813,MS non-inducer
347,361,LLEPLQCEVPLIFGP,0.07481343,MS non-inducer
348,362,LEPLQCEVPLIFGPH,0.17347331,MS non-inducer
349,363,EPLQCEVPLIFGPHI,0.07764342,MS non-inducer
350,364,PLQCEVPLIFGPHIT,0.09486424,MS non-inducer
351,365,LQCEVPLIFGPHITS,0.12158538,MS non-inducer
352,366,QCEVPLIFGPHITSQ,0.10381679,MS non-inducer
353,367,CEVPLIFGPHITSQS,0.07877424,MS non-inducer
354,368,EVPLIFGPHITSQSE,0.17344818,MS non-inducer
355,369,VPLIFGPHITSQSEL,0.20954908,MS non-inducer
356,370,PLIFGPHITSQSELA,0.16968024,MS non-inducer
357,371,LIFGPHITSQSELAQ,0.21784124,MS non-inducer
358,372,IFGPHITSQSELAQR,0.17076477,MS non-inducer
359,373,FGPHITSQSELAQRL,0.1871477,MS non-inducer
360,374,GPHITSQSELAQRLL,0.10438505,MS non-inducer
361,375,PHITSQSELAQRLLL,0.027063224,MS non-inducer
362,376,HITSQSELAQRLLLS,0.049919724,MS non-inducer
363,377,ITSQSELAQRLLLSG,0.17417037,MS non-inducer
364,378,TSQSELAQRLLLSGA,0.5753896,MS non-inducer
365,379,SQSELAQRLLLSGAG,0.38068634,MS non-inducer
366,380,QSELAQRLLLSGAGL,0.45294783,MS non-inducer
367,381,SELAQRLLLSGAGLC,0.5402151,MS non-inducer
368,382,ELAQRLLLSGAGLCL,0.35675448,MS non-inducer
369,383,LAQRLLLSGAGLCLD,0.44788134,MS non-inducer
370,384,AQRLLLSGAGLCLDE,0.46527818,MS non-inducer
371,385,QRLLLSGAGLCLDEI,0.29810402,MS non-inducer
372,386,RLLLSGAGLCLDEIE,0.33777106,MS non-inducer
373,387,LLLSGAGLCLDEIEP,0.34116757,MS non-inducer
374,388,LLSGAGLCLDEIEPI,0.38812813,MS non-inducer
375,389,LSGAGLCLDEIEPII,0.40508458,MS non-inducer
376,390,SGAGLCLDEIEPIID,0.53628427,MS non-inducer
377,391,GAGLCLDEIEPIIDT,0.5660544,MS non-inducer
378,392,AGLCLDEIEPIIDTV,0.43578392,MS non-inducer
379,393,GLCLDEIEPIIDTVS,0.513946,MS non-inducer
380,394,LCLDEIEPIIDTVSF,0.27152967,MS non-inducer
381,395,CLDEIEPIIDTVSFL,0.2798646,MS non-inducer
382,396,LDEIEPIIDTVSFLL,0.29991144,MS non-inducer
383,397,DEIEPIIDTVSFLLN,0.17236972,MS non-inducer
384,398,EIEPIIDTVSFLLNN,0.23377307,MS non-inducer
385,399,IEPIIDTVSFLLNNQ,0.3511853,MS non-inducer
386,400,EPIIDTVSFLLNNQE,0.42143378,MS non-inducer
387,401,PIIDTVSFLLNNQEV,0.186287,MS non-inducer
388,402,IIDTVSFLLNNQEVR,0.31422454,MS non-inducer
389,403,IDTVSFLLNNQEVRE,0.27273577,MS non-inducer
390,404,DTVSFLLNNQEVREA,0.23524877,MS non-inducer
391,405,TVSFLLNNQEVREAY,0.16407558,MS non-inducer
392,406,VSFLLNNQEVREAYV,0.26138186,MS non-inducer
393,407,SFLLNNQEVREAYVQ,0.29941127,MS non-inducer
394,408,FLLNNQEVREAYVQK,0.39092463,MS non-inducer
395,409,LLNNQEVREAYVQKG,0.3280029,MS non-inducer
396,410,LNNQEVREAYVQKGK,0.36013862,MS non-inducer
397,411,NNQEVREAYVQKGKV,0.32994053,MS non-inducer
398,412,NQEVREAYVQKGKVF,0.28977564,MS non-inducer
399,413,QEVREAYVQKGKVFV,0.3640099,MS non-inducer
400,414,EVREAYVQKGKVFVK,0.38481513,MS non-inducer
401,415,VREAYVQKGKVFVKA,0.28827837,MS non-inducer
402,416,REAYVQKGKVFVKAE,0.35907885,MS non-inducer
403,417,EAYVQKGKVFVKAET,0.44140536,MS non-inducer
404,418,AYVQKGKVFVKAETA,0.33200356,MS non-inducer
405,419,YVQKGKVFVKAETAS,0.4046418,MS non-inducer
406,420,VQKGKVFVKAETASF,0.23921151,MS non-inducer
407,421,QKGKVFVKAETASFD,0.3933715,MS non-inducer
408,422,KGKVFVKAETASFDR,0.38049352,MS non-inducer
409,423,GKVFVKAETASFDRT,0.34472498,MS non-inducer
410,424,KVFVKAETASFDRTW,0.4453158,MS non-inducer
411,425,VFVKAETASFDRTWR,0.40567344,MS non-inducer
412,426,FVKAETASFDRTWRA,0.476639,MS non-inducer
413,427,VKAETASFDRTWRAL,0.5335104,MS non-inducer
414,428,KAETASFDRTWRALK,0.41033667,MS non-inducer
415,429,AETASFDRTWRALKS,0.38710156,MS non-inducer
416,430,ETASFDRTWRALKSY,0.39066446,MS non-inducer
417,431,TASFDRTWRALKSYI,0.4284365,MS non-inducer
418,432,ASFDRTWRALKSYIP,0.48613632,MS non-inducer
419,433,SFDRTWRALKSYIPL,0.4396307,MS non-inducer
420,434,FDRTWRALKSYIPLY,0.42273453,MS non-inducer
421,435,DRTWRALKSYIPLYK,0.3672896,MS non-inducer
422,436,RTWRALKSYIPLYKN,0.58352506,MS non-inducer
423,437,TWRALKSYIPLYKNS,0.5396544,MS non-inducer
